-1.2430507677400888,2.2653052623597336,1.8677015376980228,-0.37605454153826323,0.2793482570882534
-0.36610641590010456,0.017390756419923614,-1.6105863778101046,-0.06476217133826237,-0.8898741134133354
-1.5221455769546581,-0.45831126558752366,0.5150083882808034,1.4867784450816255,0.8552705462387844
-1.0637695234797477,-0.219086937705002,1.5394711764049431,1.1685108732099705,0.03636033125806239
-0.3923558205580167,-1.21865562100485,0.41722318047366763,-0.5470520645033693,0.9235648464608269
-0.4149128133024104,0.5631370941393706,1.5786545292911633,0.45933660532585713,-0.14098016854937187
0.9186922911793547,1.7718151812875917,0.4988441775429482,-0.9608655226639746,0.46384936977929864
0.3483107608445842,0.772459459381697,1.5098463689830104,-0.03909590708025485,-0.695891832658478
0.08590580725572175,-1.6678714835939576,-0.8282299839125856,-0.04638753782866137,-0.5895080222511208
-0.6046013071464961,0.06314494323654513,2.218020269268318,0.9904020296131166,-0.15192360716793749
-0.4000197587588835,-0.35913534115377455,0.5370467339594334,-1.126105911758289,0.5431777512078664
1.9179033235105436,0.9914353114430776,-0.33281033028289914,-0.012509428663214247,0.5095214212804134
0.08028662935481139,0.2793142715848521,1.4245865340110848,0.2460717424265117,-1.2469230741140829
-1.8110169527931386,1.7035767653869875,-0.02207151429440992,-2.0847039555880227,2.0662772914951524
-1.0402392918785108,-0.864127345061122,0.32113642654786057,-0.505441085249363,1.8688652832251262
0.23921122320305543,-1.095898026476224,0.39192688405717513,-1.0827227173225404,0.3977193849578555
0.06124294481442897,-0.037011604285588084,-0.983172052093355,-0.5341946968681114,-1.3840647122021612
1.8442213499765348,0.5645876099594905,0.0034247147977302427,0.4643252454010347,0.5658112227107983
1.8457858676190062,0.48923146402681106,-0.36072336003050687,0.35453698167855663,0.05770206578573795
-0.610530795524734,-0.05878036228733445,1.3099659008066273,1.2579207892062496,-0.4331599750958216
0.301287089151741,-2.8252278782979365,-0.49807756410026205,0.472964387433729,1.6316287890320826
0.771453773313343,0.14342197318750924,-1.1906011310910687,0.8510628301521176,0.9895356815784533
-0.07265656195124978,-0.14448300781824788,-0.5630906972518095,-0.2625168458242642,-2.0553228073486474
-1.499464202899348,-0.04590982584992068,0.07612905914055011,-1.2058226571364035,2.878880787054264
2.184532425171352,-0.2543222591028494,-0.37304321107838095,1.8114075083359162,1.4153141420994757
0.7017675019081714,0.010218955228107576,-0.036757630767476845,-0.483716054503175,-2.5429183813289686
-1.1719282727467792,0.4615415001600174,-1.1491444725604407,1.6597897323832513,0.43660864835836766
-0.3286492370097465,-0.985693798946848,0.4480885179985265,-0.3380711797495044,1.070802140828868
-0.6351968640703877,-0.4626848172498598,-0.9698211584326925,-0.16308667099781243,-0.48671295942486675
-0.8025325508148818,-1.357288074647646,-0.39816090072497834,0.7356889940161214,-0.12054982093382992
-0.5529377655657272,-0.6480113995542084,-0.005812089957312551,-0.9525577236221177,1.063163545308066
0.28216298676937973,-2.6371252640196445,-0.1638519493535157,0.2601540159237864,0.7352411518787548
1.8062274114995107,0.14017239320108443,-0.8014534913181218,0.034133380484824734,-0.16576500498424576
-0.6091483359127864,1.606182716406093,0.2673746327210488,-2.3859839656583515,0.6394055778654731
-0.5900922261711276,0.8262345635717833,1.6913056959777153,0.2466854226371006,-0.36736044475936314
-0.4331616447561267,-1.3212822589175315,0.14292275034865462,-0.53902894797149,1.4670529632581553
1.521591795537568,0.21543413380297058,0.37262305412777774,0.6825158970087672,0.3458736174108235
0.6062734873085206,0.15016575821162295,0.14477168988232905,-0.8766848017782705,-2.151208308357527
-0.5520358828289696,-0.03576207918901294,0.5114443975474936,-1.7512543165751147,0.9819186556855681
-1.1502546129132023,1.3371940391738466,0.11158906486024822,-2.244735076033725,1.1130212676013909
2.366324498484291,-0.08727630845510721,-0.11571626586531707,0.8445275492441718,0.2992232332129725
-0.4754384485779201,0.7637021969996958,2.3835596924659064,0.8673447207486584,-0.46145209738515114
-0.13986620009091805,0.137606600542754,1.5240867870278272,0.5310860306719508,-1.2612976077346705
1.5339765305186408,1.466651440816217,0.004255884670804274,0.22511336732462708,1.4055153933408993
1.9513535763148238,1.0735604474587641,-0.019541100061022703,0.38436578224650914,0.9123432357704806
-0.07943066427666927,-1.6417329598174304,-0.16920116493373136,-0.42878404334083353,0.5319824780371631
-0.5235701275427544,2.202878316151734,2.142820209188902,-0.3982181455928178,-0.02798778222707671
-1.7124244577238672,0.5513546983079597,-1.3011719926245562,2.237681659972504,0.6058243710456479
-0.48628278827714805,-1.4508459044394195,-0.30527770792795117,-0.5764468081999179,1.1202714461102068
-0.19253835564634622,-0.3263310565214145,-0.7757004126592979,-0.10901955610639813,-1.4080516926026463
-0.05936056261538273,-1.812218259722405,0.20839756055684627,-0.15479939316388466,0.8801464519225752
-0.6566874298630612,0.5386917524449673,-0.5617150587944995,0.48376152216154805,-0.22721816987788535
-0.7358228189478719,-0.6962758743808592,-0.5306684055792862,-0.11619410276011415,-0.048951929370617646
-0.44441960468347136,0.4362290776007788,2.1463616521415236,0.9981607639192005,-0.12220610806657446
-1.9592866830403473,0.5823397707853404,-1.38029541739108,1.8434699528691258,1.3663940537951385
-1.5172598130789545,0.514827705443529,-0.6482624601897939,-0.881920515136051,0.6522450752214634
-0.36153806757471524,-1.328777394554243,0.2765704990461041,-0.6607365421775975,1.2911303953389321
-0.5799859890094835,0.0456324341215328,-1.3329563136145393,1.2322391687811216,-0.6052901309902422
1.3135283414999295,1.854889848234455,0.05809911714877185,-0.10586395998301193,1.053682118101777
0.012796665444705852,-0.30939783073556437,0.8265711091031711,-0.9169708587365326,0.8340595068876526
-0.3272750528077328,0.07335142819958783,-1.2741833419965458,-0.1366583132120406,-0.6288870914336462
0.7397838332237286,-0.250947827185616,-0.3250435839483741,-0.10472359402791148,-0.5376860584387207
0.8563867785532359,-1.6355018858280603,0.20372590416378894,-0.4119647810481144,-0.321181690183209
0.1459414842033959,0.5137308157010018,-0.31487189270348576,-0.31615257653535067,-1.303303200137955
-0.8281679549300929,-0.3172730831716023,1.5800979638910462,1.8940409959675069,0.004140801847293134
-1.2307158599748256,0.2125108383482217,-1.7746061755394242,1.8889422945114624,0.07581420906744553
0.16617823202335363,-0.026781444237057698,0.4635338347982498,-0.9558234430179904,-0.5071748618327885
-0.6261509299883982,0.032077733703236425,2.1448164129563865,1.5546026951595495,-0.27843357402649144
1.7754734100084717,0.6166714851660794,-0.511666333884296,0.7107199796241735,0.882736911122746
-0.5616810399794259,0.34124130318852197,-0.6867640645405827,-1.1188794715837709,-0.6772412600732508
1.7800715009258175,1.1248179540107637,-0.3206500729649019,0.45348797491296533,0.9023397833796594
-0.1118511155663843,-0.08141464569453248,0.4928952082363393,-1.5296056947759293,0.10976264798099954
-0.632053222921605,0.8543213542566608,0.5188890967650285,-1.98180672598101,0.15111694430581354
0.12127494723741848,-0.10615311941948832,-0.1681122482644325,0.38863158910769124,-0.918176989757425
-0.07653984792800814,-2.2177297797898796,-0.9466673951971908,0.6500234466986861,-0.21954023902716166
-0.5661522264032315,0.19310510692975547,-1.1064833389648994,-0.4643044015932355,-1.036331264229056
0.277420439586838,-0.8641063880751478,0.41900227621927305,-1.051420053339591,0.2140894981630545
0.0252123160410473,2.9698404663437756,-0.5183082983875057,-1.3941724720375572,1.4486154887042868
-0.27525008940646306,-0.02976633241704965,1.786928293685371,1.1131949220345931,-0.7509539222549542
-1.3791444095151117,0.7316787767110696,-1.1680443168059256,1.748745665773171,0.6801106536590066
-0.4605014085338432,-1.5137873135207618,-0.2925209798644179,-0.208459794701738,0.8387260301673274
-0.4897918300644756,0.1703859502498339,1.7671573806817182,1.357969462765739,-0.23091218572800765
-0.4826960720402061,-1.0784681952249138,0.7688595784464366,-0.04484333614098087,1.1487314848098062
-0.1047201869200394,-1.8685571326975932,0.20944315827931245,0.07745055212450262,0.9690430703277503
-0.580012676275506,1.726731578281385,1.845458709865656,-0.22914664247938857,0.022034544251893974
-0.33187388513381094,0.6134041064957633,2.023726087244169,0.7446778835490365,-0.8459412981781126
-0.7537419252063466,-1.5310972962983724,-0.5802455910820268,0.1900137551859067,1.2488627258163385
-0.7755827443758393,-0.32855583356053425,0.5465808161400076,-1.326386010718397,1.6294490246572733
1.6692979834006787,1.7500447837662088,0.0007232323954256208,0.11053384421866509,1.5366942622608324
-0.703668626025736,-0.3036409830620564,-1.1316888438664456,-0.3010672889045228,-0.18601153794996436
-0.6909778066287099,0.5656704653820742,1.8027068808949203,0.8683477093086788,-0.16847615843483948
-0.9852400015890806,1.01739818298108,2.116911196577062,0.6580858591411397,-0.17366138829589628
0.6137211799461204,-1.020065323401176,-0.0024040272050653323,-0.8005728287840751,-0.7407108312265066
-1.0220032403973929,2.1930583108021193,0.5477649657751815,-2.8136950613463987,1.1046464057708543
-0.05820387762484761,-1.4349670084320876,0.33742929062163046,-0.6852406404434502,0.6128239555506971
-0.633064530703992,0.29884556339919577,2.273276345828277,1.414338360923751,-0.5042445103231892
-1.412328221102718,0.5898930120576432,-1.7864053858530213,1.3734286314526203,0.6303315837940929
-0.14711648721865608,-1.4019585912181116,0.33606224941899604,-0.6052785437826315,1.1526879432948278
0.3977845740826265,-0.6504697402919456,1.612803415673798,1.4490163956651076,-1.019772219436512
-0.22702600552726707,-0.42317889530944514,-0.139872706840337,-1.3488034835610674,0.3909167693859165
-0.43800608786783807,-0.7340301702655014,0.31419094196258013,-0.9437169427611356,0.7708889964721236
2.1059008888913153,0.36211566052271804,0.020292290254825627,0.9930571468939012,0.558542488954616
0.04646420214797383,-1.1811339488380972,0.13931678099845962,-0.7189245023420232,-0.34596817020104664
1.6111778249275053,1.400367420232714,-0.43937150825015536,0.18622373143804227,1.7019634715257488
-0.3466065709105804,-0.04992222118922274,-0.8820737946658871,0.03491931369038344,-1.3234215607852342
2.198243656359349,0.2572375819657082,-0.22207655381626976,0.6790832475683172,0.4612685841425992
-0.4711430311266284,0.6496690172963884,-1.1749336037384537,-0.42181308521542255,-1.042643404383703
-1.0536521438688549,0.5712931713328416,-1.1195405577477655,0.7986732897250265,-0.18498864071084462
-0.5077966560621254,0.6374401365088409,-0.9425200382668261,-0.7360641251053902,-0.1978734052440932
0.06132876290920921,-0.5646274783147539,-0.9960189391460327,-0.2602383072379679,-1.709085538702136
-1.6129964663684633,2.5978787790975857,2.0494433032277444,-0.4828841016776567,0.6744269696524017
0.29013445909211866,-1.3267322953743927,0.41302957761540554,-0.6438444677271984,0.1695766129162432
-0.06883584044035901,-0.1726709517222644,-0.9185623869063573,-0.42097409968627186,-1.4068835955872583
-0.43436175022540996,0.5215387585470371,1.482149322007258,0.5196881491137786,-0.8503302591266134
-0.1316715908290692,-0.9833803701789653,0.0460201290698668,-0.8328158798330104,0.27209905493372044
1.995332094523003,0.8340649516502858,-0.054788665197452,1.0019279969438124,1.5378191037822238
2.156031195725037,0.031208247914878612,-0.6436060345127519,1.1003790765108579,0.7404822208727387
1.8588329435253053,0.8626677724870278,-0.07385143928812135,0.28237265091428704,0.6666043045660845
0.43322615752469085,-1.273901113003176,-0.01598396940197891,-0.6713037513346413,0.18553751235097923
-0.3973804652535503,-1.631250833397588,-0.14842934181808082,0.09265069674982016,0.595401330271094
0.15050557250779634,0.08346475455032357,-1.1083315955845758,-0.2683262694207041,-1.6238059895944044
1.8038277134314775,0.6179064827472653,-0.57797535523081,0.7941900084357314,0.8394928830374524
-0.4057161096389211,0.5752446986886848,-0.5984706788996275,-0.66014080367502,-1.6917350338974075
-0.9940662679660439,-0.46706577436629626,0.7168470374966689,-0.8038684697941305,1.779277785611572
-0.23453311236070054,0.2536693151080643,1.750866889971141,0.7499718737054503,-0.8850491501064306
-0.1445568689892268,1.0738873363729755,1.6563817170991655,-0.180356694510493,-0.7811452240657453
-0.7264280898769245,1.048671842337351,1.9290255738256583,0.33529918369005784,-0.3528070911065269
0.06643809697581826,-1.0053667947243778,0.6529169250877421,-0.49127069263168927,1.0725666984365518
1.9830946083898093,0.9618906223490493,0.16588460900670995,0.5365741597966474,0.6562347147259288
-0.8392503123127417,-0.6388812415220573,-0.6892960670451652,0.42994877453157143,-0.02794794121109169
-1.4351047638895136,0.7770614027543178,-1.6580817428478472,1.0879294510349622,0.03279738637231115
-1.2989786365801723,0.2560157197972662,-0.41107335814708723,-0.41244514529433274,0.14013642545977745
-2.034060602837843,1.323701267556832,-1.7851934234052318,2.2444257566076393,0.9866683187979738
-0.570576977184834,-0.44127044825317413,-0.5728005301563983,-0.750036953209243,0.3519589387825491
-0.9261645022370683,-0.7595033675458297,-0.005339630693898161,-0.723687205551475,1.1618936755107505
1.5482519068916443,1.16870722481029,-0.5825080375437394,0.5226252675936768,1.765030652640683
0.9149565510059315,0.3886367121489916,-0.3195054694394534,-0.3197794389965662,-1.5809902339710773
-0.4273835295046294,-0.8277452751080123,0.09091267263873085,-0.6897022847289994,0.7779761226611036
1.3922281104259548,0.8881669532462878,-0.23948492862576082,-0.48876558911368073,0.31473048282657046
-1.3513438062636163,-0.21261826134624187,-1.8294452066666376,2.3913702159160195,0.6590207519417917
0.1422878034590898,-1.5251245345120488,0.1582525366183129,-0.5167004227787352,0.26135937153058136
-0.8047237443442157,0.6059921153528597,2.2262677403522204,1.126075253532184,-0.04520881815875389
0.42497779172470895,-1.173527959877769,0.7432221976944731,-0.7076312584283928,-0.19868700314950527
0.8461691296349133,1.2023478046004854,-0.963645534904023,-0.11348602898963851,0.89473345639791
0.8854051032344068,-0.5190254374880897,-0.47546587526916845,-0.48981968585359037,-2.132592861595556
-1.7094404789470885,0.7978456628959002,-1.6279135100822253,2.0926572150650853,0.7378483215675868
-0.12073149006223514,1.8438057513595143,1.5330478483495242,-0.866859218149441,-0.0940012771833572
0.03983358056396034,-1.2720775626963559,0.03315929587136805,-0.31889261417550196,0.07962391235230934
0.06465482636555601,0.28448881236490314,-0.35324339776423525,-0.04508975715934494,-1.4326498162822774
-0.7496574739935071,0.3796549798737945,-0.3920165747305089,0.6098809195124887,-0.32641788888532847
0.43830253716911083,-0.44222379661126976,-1.289535699350087,-0.35292692919689556,-1.8085929830428262
-0.34069061605226014,-0.14657413147438342,-1.149025354143098,0.3908738054785908,-1.076286460245124
-0.5981632152460399,-1.3778427184743065,0.06160587011769223,-0.7561602806405818,0.7028003847150586
-0.16758495074989438,-1.7431344261293171,0.052090732538294326,-0.4642053086676675,0.937372091876391
0.9406239125339169,-0.20277000351891467,-0.8733975483491682,-0.5232136517006499,-1.6732650844068857
-0.15033850754527156,-0.4482032129061899,0.18023831429547205,-0.8284599777629097,0.3622263791935171
0.4003982315496496,-2.3869602473463387,-0.26353001015964844,0.09414064558686193,0.7559445450466147
-0.5436643397840817,-0.12764577738914454,1.4498809303419187,0.7355567638291792,-0.42805797837232307
-0.46507839690690256,1.0137153010079167,1.6023082137229656,0.1706916069934615,-0.22426704654092305
0.3896033363372983,0.5064737770605693,-0.3483864742004415,-0.9170112249216752,-2.361193091261502
-0.9992438359382567,2.4273319504802786,1.9807328513665647,-0.515938728241773,0.35759476152755365
0.146230256278245,-0.10829181827297026,0.300939637900318,-0.06859233290871652,-1.5839661074253548
1.9252626640645563,0.44020017635559,-0.11832719426193192,0.8452524774623021,1.1147888444459946
-0.1562087306746107,-0.12390708569937811,0.6559345372942122,-1.1681340250002432,0.014243167749589615
0.0171200668441469,0.29141664465469885,1.9654221150227882,0.7100256557503256,-0.26046670503658326
0.01218280144860947,-0.026317709709211472,-0.7062834077061487,-0.7242773049899853,-1.6178572114321
-1.5311813926961544,0.4014025092134693,-1.7167467284194498,1.7699442826315765,0.24546473468355284
1.6585435434604499,1.7487760998935435,0.033952151648294605,-0.33623136982727575,0.8669311027647634
-0.009737985026666651,0.00935166203954706,-0.7771165822165033,-0.17001304185637908,-1.3241531538145888
0.5213051227894762,-1.8672092500529813,0.7470126247994066,-0.14320228652891057,0.6905080729663163
1.8948223097123327,0.7183205601606489,-0.23824022525139604,-0.09692412098547641,0.3677371360982802
-0.005192505055224341,-0.130286505071448,-0.538906838274625,-0.5539859211469095,-1.6705658815103992
-0.625489676499925,-1.4178784761115455,-0.08578269546258858,-0.5072416741542141,1.6390266095896657
-0.6024524224333048,0.5739966196064477,-0.746542039293569,-0.189292357236735,-1.3571449198273748
0.24507744247976035,-0.9288468748508236,0.36938127525888775,-0.7449836576721488,0.5373195494945695
-0.7817147818051002,1.0759748186480835,0.5770117506520601,-2.1369835478867563,1.0179885969072653
-0.48163143667581504,-0.17538338586045796,0.7862897415294746,-1.0718062803044766,1.1065193301325915
-0.22410949795919333,0.4664017734731716,1.3514939864616442,0.004101199461195745,-0.7178172578185619
-0.3757767758704644,-0.5618979215153058,0.3489319327345494,-0.8176464201273321,1.1975484679399042
2.2520379423964134,0.1258305635971005,0.03047194809698579,0.4571797897874547,-0.1948887911587396
-1.7188754683555951,0.36260256519882494,-1.5958517436452984,1.9855517906286335,0.5995825324571444
1.6744642399209255,0.5544073562319827,-0.31945002429908465,-0.5974104986587941,-0.3337571902388163
-0.0033025775961110495,-1.094357732179426,0.1246429585089712,-0.46088384102469243,0.27605216382299597
0.21745119845485184,0.32878093553343823,1.7594028299956799,0.4219456473807074,-1.4057937998745331
-1.1438708697516695,0.07032188676957488,2.1380449805814807,1.568608395692592,0.13099516135746303
0.5392615431754355,0.1641970914582786,1.4464151516867279,0.48510141392247613,-1.9619420590770125
-0.18746214615015125,-0.053913600617416645,-0.7257618003109063,-0.32732555735512137,-1.559965226929702
0.3102931885177283,-0.04595428076819109,-1.0164250476032266,-0.3867695144500091,-2.1486115752840442
-0.27637987825081806,-0.8823927956693319,-0.2737663549835169,-0.7721348975262361,0.07501004337299212
-0.19360829290512913,0.7073991785997252,-0.7171341710365956,0.28316691809120653,-0.9059797211208532
-0.04285949428097948,0.5072486034642635,0.011941332719393408,-0.5793298641273762,-1.7493480026430923
2.0084992759741427,0.2975121101816511,-0.5967161646998509,0.34913517893560153,0.44821308469693705
-1.0876741710789026,1.407163128488693,-0.7129296099681566,-0.6436579657223174,-0.30607656541094075
-0.22034610929843026,-1.0434203068976458,1.5945356196740985,1.818678392435935,-0.8335179408925357
-0.16474128398904495,1.1133957590331474,-0.25579446879149376,-1.2519595382428312,-1.6770035590619956
0.9117564945487624,-0.9401856126493658,0.7710057615281904,-0.8387134471550548,-0.8023692053249192
-1.5375489938063003,2.1472855671467803,-0.16702658925573824,-2.4272665346581896,1.0429003641320824
-0.16974736640752194,-2.1080483831725667,0.0017885314620242133,-0.0764270470420009,0.6304303536938703
-0.5128956247703378,1.0598447478479591,-1.5253631680176016,-1.027164120814927,0.23692354974847882
0.01602906253127432,0.6931220535738722,-0.5665980796820244,-1.042332982310871,-1.46916270281545
0.8691127838328976,-0.728305819457508,0.004704120994375326,-1.1928676981701534,-0.27298973029701473
1.8623417191050329,0.24191062739047564,-0.06965924952527969,1.7602625743262603,1.843697206753961
2.1554862718184844,0.021505099850123343,-0.17057257237842408,1.1789763903224182,0.769980411325065
1.630373618025056,0.33890567953356215,-0.7610661726080363,-0.2193174239575897,-0.3205049244176767
1.717291632019018,1.250545132678511,-0.4738757112511902,0.14256572454990712,0.7149447927223102
-0.3490700999506193,-0.8655247334103405,1.8364224482407845,1.9203535027865624,-0.36067898363435685
-1.6847411357656246,2.2125258144688305,-0.4968597201758298,-2.2654627581195372,0.9166784971303366
-1.0109526041140673,0.20064572673965375,1.6858640810354484,1.12982006873802,0.3131758430898612
-0.3471232330479237,-0.1084199744095377,-0.036267890239321636,-0.5703077641550803,-0.08545882687642198
0.38414342824986925,0.39293110098567846,-0.9085089659588607,-0.9370468497204645,-2.1180244873822582
0.30228563627782,0.300843274961111,-1.0167674665691497,-0.9374846802580715,-1.2263227788610256
0.11405584139549434,-1.1713546892614912,-0.32695849984364483,-0.5332081937916471,-0.6361940903785135
-0.45317184606512123,-0.06586353718662663,1.710284399763765,1.3082759448012469,-0.42875614562189646
-0.9924074538730366,0.21273510972679413,0.31676410705121294,-1.7933432695738865,1.5923985054020466
-0.25233219415512387,0.8014842665016755,2.0848081852159255,0.540544065350946,-0.640600288011801
0.39502125680789757,-0.6269145349596168,0.2892556607212544,-0.9862812785929466,-0.22647012846389414
-0.4941385067321638,-1.235247862450441,-0.06594067699136519,-0.44284559096264486,0.9865994837313704
0.14666001326800204,-1.0076421968348892,-0.061736387897941156,-0.47771435256300465,-0.039365184619987545
0.37402370447204897,0.2741621006313742,-0.5222891598395089,-0.8752142718117121,-1.96634122489392
-0.19792575869809736,-0.3673637052368082,0.25376517537944554,-1.4199529246667388,0.9058849693150642
1.7270227270893366,0.5550670740606346,-0.3655834720644029,0.8574279594290549,1.442784674089968
0.09643006282353815,-0.05918967935537231,-0.6797313620685179,-0.4471007767187181,-1.558442159468091
2.3167650000343794,0.0071622988315464525,-0.2121965045129364,1.140752592400842,0.7674605050197136
1.9924293680676044,0.3930183456072267,-0.5664780860629658,0.8206469219025976,0.8762681134160154
0.5348004902665402,-0.2650950174195694,-1.059791032341535,-0.5400178248594698,-2.136045225240289
1.2385737928926943,-2.066322346133424,0.3202244533298086,-0.3082639145864208,-0.43622851337829593
2.1199735363925885,0.3688655780990191,-0.3151183982183665,0.9249175801351309,0.6222620254995904
-0.7111799688901458,0.6538232715226477,2.1420691955181845,0.9533311022681857,-0.7941221564347581
0.44010776827299364,-0.9115058893208542,0.26369418643301584,-0.9801967720725211,-0.35970565758033546
0.1051951288740121,-0.042353178960242314,-1.1181120534006745,-0.5143985630131669,-1.6626962823698097
-1.0922890528552227,2.2062655321756055,-0.6237035246128169,-1.4869410614152923,-1.011515507568305
-0.2728683315336309,-0.8154093221787546,1.4805304576400455,1.7780086317948434,-0.12604723726753214
-1.7026768268140962,0.6146198332003809,-1.6796559918434366,1.868643064874756,0.8875435579805996
-1.6771466093440905,1.7858981023176648,0.34451181169767015,-2.3020572127140926,2.295396369010974
1.9192485328307318,0.8320993593363911,-0.23352775030522507,0.7144806343085212,1.09636838442453
0.36949628160589715,-0.06820034303789409,1.6852543153894954,0.7992102003666951,-1.26725256160677
1.733281909595578,0.6139850905990234,-0.42377834436171347,-0.0058589535942141675,0.23023429535548073
-0.9955918382709736,0.4345059610937961,-1.330693687793172,1.6855770869553337,0.00595486469947132
-0.26556873262283204,-0.22400307243681328,-0.2620514354841248,-1.2989165635499607,-0.38728436459132237
1.8471599311254994,0.8884517865770533,-0.09527062303358486,0.34481586798311276,0.6460786463628382
1.487025268932349,1.4385666915858217,-0.29376746793241676,0.28278898203802016,1.059079383161741
0.026948149347572996,-0.7507943580286014,-1.09120602110417,-0.21743495819205372,-1.7325723536566309
-0.8010086142707462,0.7828592637101935,1.8907889585577646,0.7917584533398704,-0.15026731623781459
0.4546150202351827,0.102757068959957,0.6171218702379261,-0.3441177041739574,-1.3007221175519008
0.7050444263372001,0.012972962598591299,-0.15670657911165267,-0.285603557898784,-2.1937959961051057
-0.4341874499870439,0.47547253394946737,-0.6854875246404483,-0.4887081554949829,-1.9522821151417142
1.955232214498964,0.9625885872350518,-0.2264077866554589,0.5933568371525108,1.2594541769550593
0.17727146450955103,-0.5680045131190611,0.14818445096971533,-1.2460552149946862,-0.055994975809375507
-0.024766605154783544,-0.6159602172572987,-0.8075293775203485,-0.24406187681106753,-0.4787615454180456
-1.1387327628981099,0.6354308860164665,-1.319657895020494,1.1603125708785216,0.40315338280309115
-0.6797035716832238,-1.3061917724223648,-0.8036849696757348,0.5883160517847345,-0.08813571406286068
-0.7207686527524744,0.4786473721404139,2.307087853919568,1.1479782124442366,-0.04525570521814024
0.16615800798589103,0.4220166336019397,-0.41230576708534916,0.3409085370558287,-1.0588084501929504
-0.10780864016165377,-0.6095347141445271,0.43268790180593475,-1.1866449676339341,-0.3057679816170358
-0.4437209764453485,0.0283366454669104,1.9026382041605183,0.9639129380374829,-0.8754103177061558
1.9047703573537909,0.6080377654710979,-0.14313984024748877,1.1278979560506524,1.5109947015902494
-0.9589509584259929,3.346384117993624,1.770587462775766,-1.4343565581421187,0.3501651685510926
-0.24345304381101693,-0.4318287659526235,2.0225939862632214,1.5203802106204556,-0.8938506356900774
-0.24807888168859177,0.38463589113687763,1.6791128168366831,0.663493615427164,-0.7853657776445891
0.35593870245787723,-1.381613370099906,0.1307271047851584,-0.8396799544189673,0.044404858729349815
-0.5056248245958321,-0.2655162647470403,-1.1322615612078102,1.8786044948014051,-0.04772119204091356
-1.3050075798903809,0.14873498898664336,-1.122779287080032,1.4743460550013108,0.0718872600123919
0.40476792801265155,-0.6311075552011018,-0.7886856140598323,-0.13090313017685482,-1.605114405139881
-1.0729982442860564,0.521931920606804,-1.1221767804640979,1.02460082898576,-0.2388634650258111
-1.229729325061474,0.7445351555979753,-1.2783649909761787,1.1591044052646526,0.3814213962454041
-1.0391797295174212,0.2846315699405168,2.156292014339028,1.544218836478082,0.08407325816379559
-0.21377777861544728,-0.5532697409892818,-0.7080620044325877,-0.03706243969366568,-1.4378402344538848
-1.1267720101127872,-0.8258115000761004,-1.3168895374312712,0.38282003431497424,0.5536266801392963
0.616311177393374,-0.829167976753551,-0.14747866092425363,-0.5098952988062003,-0.44916239208534486
1.7993686597399776,0.5504110336798428,-0.11342085753515763,0.45292442919958853,0.5661209213242687
1.7153039908331975,1.3036945304732166,0.15222125434723538,0.06332628380033307,0.6537560108804976
-0.8367823616999285,-0.9284774109568793,-0.04435363933480897,-0.8505144357495076,1.3141937908330492
-1.8054655057480549,0.6985207573724542,-1.74144681800602,2.1894761473810873,0.8375256519076094
-1.3084403877888933,3.2783635520852057,1.694899712046267,-1.236792946279862,0.23780900785309084
1.4275722385395644,2.230545827173417,-0.0859724690616293,-0.5552602574978192,1.1875345798970303
-0.382157550208666,0.6641438253600211,1.535432759860252,0.47326609674140896,-0.6190863863527388
-0.03256836270854881,-0.9002532503946518,-0.028464278605998577,-0.9913944311689151,0.31759158342423505
-0.809406554037137,-1.792653088132299,0.12251977041774041,0.3679571971900287,1.581840110316776
2.2592776892678814,-0.12389743010675343,-0.22588408865324255,0.6735116760437445,0.014324990159393614
0.10693580690088887,-1.8936827105695684,0.08352303983490583,-0.035806901936844666,0.7955374411487894
0.0769126531020222,-1.6996858202299583,-0.7842011420447438,0.038195493974365564,-0.9323614394726191
-0.32965538577306996,-0.7078767062064539,-0.46618164090205017,-0.46461304833772477,-0.5539638989589392
-1.8693170336484595,2.572850164393385,1.0290460181671004,-2.3540846448950057,2.8188165581075446
-0.29123546684894625,1.2111339104653245,-0.02629378532836329,-0.9705463333081925,-1.122562867963879
-0.2606034964810222,-0.2747390032827508,-0.9440270643131337,0.09571767316073779,-0.9679034738236201
-0.03015058168797453,-1.0640757957112503,0.5329250221500772,-0.48197491615634913,-0.004523866279502433
0.23073882191999864,-0.9880587358991653,0.5397790197790246,-0.6979082282876099,0.4817435369823609
-0.25847964132143186,-0.9183665434996264,-0.1694344063847173,-1.1565886433591797,0.4654347576639335
1.009495901988525,1.4901293716089095,0.4621009887495268,0.08179423965037531,0.6982848890301558
1.8818830738173575,0.6996116941921025,-0.07815895278791565,0.24225837152469223,0.10589424359858252
1.9261287854039724,0.18966600170673653,-0.5491154598433681,0.8817892350051648,0.6346355830887048
2.072979233369186,0.26219928742416904,-0.2742142118241774,0.5705135408610308,0.0447294745100779
-0.7883906889997555,1.2198191253767046,0.16889680517134117,-2.301711432879781,0.8706903417962313
0.21754547753050468,-1.3998896290493859,-0.5678880368176212,-0.4285141478386758,-0.19569018389517068
-0.536563877914907,-1.005623990949313,0.41718643404402095,-0.006922674037153835,1.3692906982793198
1.7606296923861557,0.5873931501177676,-0.15938474356049154,0.4149234998149035,0.97284198900452
0.1611520687370687,-1.4696221599823585,0.9034106906775392,-0.6362312555876458,0.3287208272588211
0.14784353747198567,-1.201472269087131,0.8465529434614589,-0.4395506829699485,0.16216621427581246
-0.09170577837098902,0.03147669825388714,-1.448006477589571,-0.1562592343096818,-0.9659584527539625
-0.2547841109329272,0.23592643784133155,1.4772778306737508,0.5284665453356628,-1.3757163779747963
-0.3245294545442379,0.3123246363601969,1.0554473081227405,-1.307718825146801,-0.04991677359131057
0.19729607563675033,-1.1472098593346873,0.7200127999988624,-0.7031327446510061,0.6859467999335319
-1.8062242452015176,0.873763263011863,-1.1864634232048894,1.4639979168132624,0.5325643155428532
-0.4230619151794186,0.2929430660871176,-1.1145664193981077,-0.5399792710199239,-1.0953060727707453
-0.6525397654781979,0.7538229183648546,1.8735056832416548,0.8048699810222881,-0.2777392482441909
-0.02032287402874474,-1.8479148567903216,0.17924966477243667,-0.8854671181142041,1.1958537492875503
-0.04548715809896198,-1.4633527580752832,0.20736141395438631,-0.632390046377954,0.3592805065412754
0.2165421520957969,-0.9729510019028524,-0.18265734168301992,-0.7420727610054615,-0.5974971709952149
-2.3249523196008606,0.9737502239315459,-1.6010207449004705,2.227148212608045,1.5127821437258238
-0.02208258413877755,0.17242342134959254,0.3086134816642669,-1.7123948903483943,0.1561130379897248
0.4139177203605903,-0.7444049105433146,1.728181588125045,1.401311049611376,-1.5028121968911425
0.47903181232256514,-1.3570609997314873,0.5689974358924571,-0.3962085482212716,0.05663445976573079
-0.9846693108240414,0.4618733585315362,-1.6874768217928446,1.2499203403943322,0.23555293964044813
-1.1577769973572543,0.6139133305328256,-0.8669301633420691,0.2371750679806392,-0.36781905904740847
-0.1985283270203881,0.5025400841519507,-1.5951997534962779,-0.9499295317552586,-0.43791329379781546
-0.6249004700047626,-0.048711610199633215,2.0154237124125394,1.4806441144499838,-0.3151812208180611
2.4022626373046374,0.2249369880006244,-0.08024732907926874,0.45453165156474923,-0.12085138709736115
-0.5427674066226384,0.28708917562882896,0.6710920696098064,-2.064269822065013,1.0263140273703806
1.8626274489223682,1.5083683815537157,0.2714058120307467,-0.4185832070028462,0.21895069368002607
1.662302602716745,1.4749057866020403,-0.042527834443075535,-0.029397591662944457,0.5730901564430178
1.0728829166830838,-1.5981042337611064,-0.9264578124636301,0.5112904359930077,-1.1680327396191907
-0.6524870165725559,0.3987829082017518,-0.9670811522508618,1.0630318271482586,-0.3947636053598034
0.6569294622045232,0.48270492323780695,0.41319426591519076,0.9541798270645652,1.6153505532065269
0.4395236924920387,-2.048245665377352,0.6612527358867453,-0.24962191299500752,0.8134532122551504
-0.0607409848694279,-1.4440232644750597,0.4337921374840635,-0.5153198123861392,1.1358477031722527
-0.9324815948632228,-0.9517132008710231,-1.4028168489523873,0.12003804757246958,0.5667337412157331
0.9907795007448441,-1.2705195471420945,-1.1574966755371248,-0.2290329938382122,-1.2869151241128107
1.8591556547381176,1.0420433335311197,-0.16398326347457992,0.1672503948117165,0.7921022036406707
0.20768876695153998,-1.5315411386160949,0.004685600098667365,-0.13204808980904373,0.5381172942186268
-0.21128499468273781,-0.999944906890057,0.5403119994174285,-1.1118777576100876,0.7903375357149851
-0.6649253035293616,0.16230397492596416,2.132353043367741,1.3786024387803608,-0.4841340601112971
-0.7987894123786854,-0.08039384117285593,-1.3644197750125941,-0.5361847275694676,-0.30670886492532085
2.1707874736775388,0.19929767597221593,-0.11292582687766284,1.0108446134334443,0.4927205369657075
-0.0015040488476502389,-1.1023386309253889,-0.1646522352234142,-1.097290435901439,-0.2376105257584441
0.7550762799356093,0.5712986078542474,-0.5896844905948158,-1.0337838207397054,-2.134038523259283
-0.36014753305806213,0.3674992516960737,1.6925252855939952,0.6599547282090032,-0.9088506686351847
1.471224972245344,0.09023524719997122,-0.006285614949267867,1.096906318706892,0.8435848144703004
-0.4193362451203009,-1.0171331821812415,-0.3721249535458074,-0.8920527861215352,0.4122453530923176
-1.161545735614762,0.3980226622841121,0.5443266248400821,0.3937928489282021,-0.13016507598891444
-1.476838085478595,0.3154978579094001,-1.2225489595257482,2.261562106503216,0.44736912178167815
-0.009543431580635574,0.4298370106755932,0.42528346439738834,-1.7565753912071018,-0.33393811927791217
-0.07743392296167281,-0.7230283517620737,0.4609557221737215,-0.8813892805583272,-0.13732650958816278
-0.7449393147129526,-0.770231007362443,-0.0405337033142782,-0.7211064076864896,0.9102389853741595
-0.3712517331236318,0.06726254533193564,-1.1580642493913715,-0.21768927592647938,-0.31302239723327463
-1.097796798742854,1.172220542331951,-1.5614164696377155,-0.11913405401467399,0.4287676182990735
0.1564368642719711,0.32128908308251203,-0.4647974656914579,-0.4064977352435524,-1.1336868279119388
-0.011281110372646891,-1.7157661198612577,-0.5459450524234605,-0.27209478339497667,0.33687931068110666
-0.24818428520660374,-0.6881881988814275,-0.08398764334358266,-1.1108885532591861,0.5388785049943202
-0.32069943133466455,0.736285265663361,2.043650476453003,0.44129537075627606,-0.5593706295467289
0.21600476474896502,-0.37915857012765786,-0.4973942658275642,0.14725779995631472,-1.6748710952857089
0.33824624475076664,-2.129363849140034,0.8034286338916257,-0.46188216720501385,0.4388318307122861
1.9331721566754274,0.41198322442156865,-0.5623602105938895,0.6986962460785114,0.4924532640863682
-0.13358263013535376,-1.3549768925480081,0.012012694855302944,-0.33575630396891004,0.5486595492375866
-1.3910245565291017,0.7643752699858835,-1.4354771956930181,1.9612439196160707,0.1686637233839413
-0.4119991534149782,-0.07229650280750007,-1.0857325223003538,1.1315661844272336,-0.6389777154615636
0.06738174921647917,0.12651260345684545,-0.7419282345436676,-0.4017713082455085,-1.5938812865114917
-0.4095895120831974,-0.7068060565376537,0.3898964462648162,-1.0429810529199293,1.446860161188862
1.9207162123730923,0.6353254752268355,0.13694494594260684,1.2735964459244686,1.6230289106970368
0.1207651128841918,-1.5996809536580285,0.3015510463820541,-0.5583910025981537,0.317892324540412
-0.6935834979841733,-1.3957163447867682,-0.5522914328828192,-0.5565133606721167,0.950142506215305
-0.7439401455486804,0.2698433603603405,-0.11377850959668344,-1.5816123991607358,-0.125706075492503
-1.4283540014132958,0.46293083924145023,-1.4273231455651636,1.6928542471671053,0.7527208846161997
-0.16212324521181173,0.9125533351834602,-0.7382057690460353,-0.9738942521166297,-1.9657896211460846
-1.0284536294343762,0.623855669815751,-1.4612037839333183,1.1605227591897487,-0.48768769520003274
0.5618801413489489,1.3757164070745584,0.016683713058767646,0.15261237290636553,0.7596402098397679
-0.4529996108037236,0.8057412267706855,2.094849783192449,0.39659072831025455,-0.671204446105527
2.11430621213338,0.18458385195157917,-0.1240786116015096,0.513896977680398,-0.3216479131181579
-0.36012529234654517,0.23269644908769868,-0.2243815945840231,-1.3007229491044148,0.11254043996855889
0.6013258501373308,-1.079455355138874,0.43751421316292344,-0.6808122295932975,0.09312920987143825
1.9943928322210058,0.6126193489674657,-0.20264645866713585,1.0257217206966007,1.1484222330303426
0.2734734010434047,-0.8936169871081431,-0.6434804838037873,-0.5043993195955552,-1.0884267860440313
-1.8471600442657083,0.6176487066434525,-1.6495130349729226,1.9790202753026316,0.5537298362660612
-0.5923625617764227,0.5974687026928368,1.944854077095005,0.7538106209761354,-0.6090818065029282
-0.3443037784942212,-0.5115713554182024,-1.220041479616156,0.521510994365496,-0.8104398204194874
-0.8705885920491561,0.5252901261379727,2.292632728653217,1.2462796342270368,0.1977804582511609
-1.1760260202020354,1.6049507698477041,0.040567025854381926,-2.566784305816851,0.5299173138937948
1.9809364021301905,0.3682324218328087,-0.39587476896179974,0.37404918193461706,0.15945292081211873
-0.762450900522011,-0.15387190139974793,1.825096231515933,1.6064510699126158,0.11703004765786638
-0.15407412315969352,-0.988411093437401,-0.2463295651239243,-0.5792519387562879,0.17204594444362245
-1.3691887446041227,0.2874553557768499,-1.7187100257586987,2.067200528405088,0.26465921560840805
1.7314532284178066,0.7321744230585162,-0.544624462890559,0.4049371167492848,0.7838967605403526
1.5308612219736326,1.7591285259813394,-0.10417889870432354,-0.3056378374709282,1.188898197460049
-1.4427898946085354,0.29703769524429036,-1.5877447046093465,2.3786729675693454,0.234251699759583
-1.3697039369608772,0.5975576975615845,-1.1569732498706284,1.8911897844183199,0.45795439813718525
-0.8339818288175649,1.1195781173544779,1.6703639278573326,-0.06215166942614424,-0.1015446924449097
-0.3053744291774539,-1.7034430400392782,-0.018521139371063065,-0.26071015300251227,1.1199931820792794
-1.3582271035677416,1.2692734221844117,0.350399112781731,-1.9217213331303746,1.4063941468341012
-0.866874436284609,0.32798387551780284,-0.4763242484598745,1.7206495750845137,0.446727359417658
1.7470260814245069,0.6034024020345318,-0.5685836137985986,1.1014221648397613,1.3804262797864626
-1.164651123630923,1.682498980519439,-0.7333203891465622,-1.6199864697688853,0.10371771620328209
-0.25687370979125845,1.0032659918647413,1.8962017600255554,0.08485596791854687,-0.9143073642462816
-1.1625234841655034,-0.08753334450217157,-0.6805862915831287,-0.6524773657127972,0.19276706447646755
-0.611087720730228,-1.1064070314894427,0.16220346485522594,-0.353269339541488,1.7966965631211909
0.20840798972428776,-1.8135731426957256,-0.20168268341367065,-0.38997326761440293,0.051569852570641846
0.872401120606035,-0.009939979584128044,0.09368416881707269,-0.2588033317980547,-2.053146158868662
-0.040492283980163954,-0.3129765344427521,-0.8423272673058837,-0.27104009441492954,-1.6465255601561453
3.078045931795192,-2.4068132427076208,-0.8642874491037218,2.855523734943744,2.0401817952110273
0.3686951054749446,0.4124104757318894,-0.5635722466241311,-0.1225834085099944,-1.2874711918342006
0.08827745794812124,-0.808854429173514,-1.1970615827141393,-0.4458244836597682,-1.0266590838038976
1.8341128307148074,0.5517327559236741,-0.543867847407148,0.5820492313572818,0.7903118226529429
-1.6354974321144746,0.3488456762725109,-1.4585005768250088,1.9041732484054366,0.7812966724181368
-0.15422872108073374,-1.092457644827867,0.9400641811544569,1.603248473886555,-0.22494786713220935
-0.6346106451726926,-1.0816424151599404,0.10349800363030036,-0.6877199828465075,0.7437911484715187
-0.40574273433545405,0.3580060201477776,-1.1833389759858786,-0.31901455753788804,-1.0281644289591345
-0.20340334616512354,0.11842858528367245,1.8551552476587048,0.8360033534805895,-1.129792326514725
-0.7199635838446461,0.28620652177957456,0.7381914634076164,-1.594562774628698,1.0150478000119458
-1.5482376906112214,1.4402252539626745,-0.26539419744143894,-1.2955800564130397,1.0126777712374655
0.07671250495964456,-1.4924842374359053,0.8345043151716836,-0.2919913986060838,0.40967543301545273
-0.41211722602948914,0.6717623208124539,-0.5019952620979851,-0.15989017425395693,-1.1542291178150361
0.1126250741872637,-1.3854650323276665,0.409586546754302,-0.9290692630183033,0.8622881050373958
-1.226859920469793,0.09519874336767056,-0.7685919286408396,-0.5759560819412447,0.38185358307784517
-0.1999922963394382,0.8444060758823837,1.1958310701782924,-0.14378379900065352,-0.6672558804063549
-0.5786999708586168,-0.46739953003350393,0.04175351133781927,-0.5287126242816917,0.8764782060730095
-0.4669380763183123,0.2732446996367955,2.1188460337435253,0.9802184359413435,-0.5932899076206734
-0.8575452275945344,0.13533201619996935,-1.29196831469258,1.9956032389147955,-0.3375200923823053
0.14641015387147066,-1.580864930657185,-0.03941133237121641,-0.58947704470371,0.11973212334288603
-0.6619566648136921,-0.7583464390758322,-1.0182411976136607,0.3838395462943466,-0.7360680195960216
-1.247451539469862,-1.0862741532120255,-0.34731943528373144,0.1831293212152819,1.537003343341868
-0.7827529610973544,-1.1313420651699329,-1.4223632968728084,0.2771093864279356,0.015411749669242896
0.19907248822138537,0.24475672009222024,-0.9938810614702324,-0.8186678278375172,-1.8468974725682725
-0.24959347780638794,-0.9650110618763194,-0.0674671402069514,-1.0226169683760793,1.0448600354584736
0.16594650238157274,-0.44185421902960165,0.0008189687150322156,-1.15075361962847,0.43020022038901345
0.55350189194459,-2.3870326257619467,0.5840774472089849,-0.1340007980498934,0.5674985447241059
1.5022782578907892,1.2080789164823684,-0.16651273135855832,0.3067678869553953,1.056337602368647
0.08395703134811139,0.06595299752428188,-0.3238507155161763,0.2981694344507706,-1.4152742176346995
-0.008652711906853489,-0.6732167279641067,1.9854441287038032,1.5554862804261507,-0.7537344147737163
-0.2880409588545236,-0.8215076713164325,0.16308245267952212,-0.6364299538864735,0.642538813600878
-0.2966364281847062,0.38605644256196114,1.7125673966124364,0.58175133220155,-0.9766564626791487
1.4010368777701256,1.733198883743195,-0.06926154019442665,-0.3075551457317761,0.6663863187339715
-0.7984926215168818,0.7143842605092953,0.32117584878493355,-1.8768213399946454,1.310025628603789
1.9796245069545018,0.7532754496435494,-0.08076253708801212,0.8864476390489098,1.3559457792970036
-1.7715042239749679,1.3373682277764296,-1.7579098122155747,0.9510386082089477,0.6877755493118904
-0.1807144222346111,-2.190591616345589,-0.5571948526358528,0.008836708617637846,0.7707569188312957
-0.6440199372577129,0.3608789225638049,2.001370787971651,1.0374571686335312,-0.8314331382142881
0.2478518440745425,-0.33751007280338835,-0.9304282480515855,-0.6007036498421428,-1.7426143383420452
1.9335420090953637,-0.10610606740480706,-0.11788926804701251,0.6957248236288265,-0.2655233963702569
-0.8716444996176916,-0.8772579708531006,0.1121690125922354,-0.5988578431998224,1.603924851398373
-0.25141380137189073,-0.907936450854479,-0.39119069883348156,-0.6306210255110365,0.0979541552992166
1.1420038809034965,1.98836796015728,-0.38577283937131945,-0.8626486881100314,0.6591344034067577
-0.16419089589456182,-1.3516528665122185,-0.41399748603348685,-0.5267065372700424,-0.5071628865451844
0.3764792996609366,-0.4544806071584581,-0.8098802953818127,-0.5284698290154435,-2.007500691570758
-0.6950148699694607,0.34355588010156596,-0.6108734392442605,-1.0202149224165271,-0.5502905888823048
-0.24332507585761431,-0.9776298600510709,-0.827977155102863,-0.3811381147791868,-0.4440885038898587
-0.5329521922881132,-0.02239664618910862,1.8022748342898731,0.8845940072493782,-0.6352668804384901
-2.0720244262674705,1.2368056745850635,-1.2327596635616633,1.5648701570461105,1.007416550764394
-0.856532049036142,-0.09978434968846628,0.29116925240494756,-1.5966758891616575,1.2005869145067969
0.7419618613556993,1.7548512563978138,0.049699286217065194,-1.0841148459094558,0.5396510355092365
0.07602539640695438,-0.30640629865047553,-0.6498416735256022,-0.5748640172738954,-1.7961334591200124
-1.2944101787134619,2.1535279057954373,1.6984770396703217,-0.24845022342921427,0.3464249405433733
-1.299753110071471,-0.23419327898831063,-0.43933597771222443,-0.7221078636073046,0.9495924718746422
-1.2183610871662858,0.647215967302642,1.2876511750846202,0.7445821465086304,0.2673849581166665
0.22486677212315792,-1.3656892152502849,0.2788581416574092,-0.5203928202736472,0.4684567551320773
0.14850965188084525,-1.5477604554151327,0.7476556732951101,-0.554020574555518,0.4366165494894991
0.3784035276455886,-1.7353103115193542,-0.9985112611881772,0.09842792268788353,-0.8144793873698238
-0.04206295724295392,-1.1962229045695052,0.15127493599162675,-0.7316643826742111,0.6016599222659885
1.4162407150072382,1.2486064903033574,-0.15428124487413433,-0.33553580747959844,0.6630298148311421
0.9601139116703429,-0.7798170716454222,-0.2328857318530592,-0.08615374831398386,-2.030297420291417
-0.05535717318302841,0.3202432805331842,0.3509942608590003,-1.7821482009999008,0.054634152855510286
1.9917465135838959,0.43520729621447163,-0.18909317433684694,1.2898699464796899,1.2115827826138654
0.20534178592813696,-1.53938597059158,0.09513572355463577,-0.3994888359108975,0.029150958345429783
-0.1574472010307654,-1.436298990773111,0.2872396048657678,-0.6492922417759235,0.9736963848665575
-0.5756705832631442,0.2389429296085433,-1.142487484759668,-0.14944187685498853,-0.829369052399325
0.5710764176439267,0.18019883995949484,-0.6605867469530842,-0.5720174546835517,-1.9132145635128863
1.1578237859776768,1.2386898033624623,-0.7045723061206172,-0.27770774767618844,0.9572923546530633
-0.9752550956213394,0.5634633821269166,-1.2265516681686264,1.044759066762638,0.39953241678702356
-0.29128533621294184,-0.4235859872176447,1.9463539947929256,1.6897575782602126,-0.45019930160299054
-1.34298431594033,0.21220285770133698,-1.3290626767992189,2.0505795050340425,0.18395555506882097
-0.40651849314363186,-0.15695944724657798,0.37395514224662024,-1.823999546833113,1.0039295724466886
2.2255392169286194,0.2099586104351323,-0.2963336319197817,1.134399605093306,0.9831140626598103
2.141521260526067,0.21971280105862942,0.009061106468753919,0.4223110535651833,0.4228225787662868
-0.7819793929059203,0.5516124719309946,0.7374535594741556,-1.4739896085709683,1.744456013192123
-0.10103089627514066,0.35335516947924844,1.933921553977843,0.48107465627248225,-0.9288010016662925
2.046301541083296,0.6062472772331775,-0.16536327461280292,0.3338876891530816,0.3992485846041051
-0.3886546799662345,0.873603240645759,-0.9861262170117244,0.6112507146846177,-0.6496181216683857
0.6260548951154322,-0.33116776649148433,-0.5865642913273059,0.2775531343842926,-1.921037181887079
-0.46697696924363874,0.26594837906468916,-0.8288769558631771,0.0875788558784777,-0.661777919188044
-0.6050388347494225,-1.799634253445498,-0.2390758698164461,0.2925008890810015,0.7521353604980928
-0.3160905474218363,0.22594904835340815,2.0684395647042564,1.1161945911096844,-0.5294815786350593
-0.35997020211005365,-0.1911938843385835,1.7269633497521821,1.5189284618649297,-0.7007672257733026
-0.27123212327921614,-0.35525771579747223,-0.6290899606180904,-0.7342433403039793,-1.0529589710282206
-0.3278005385525607,-0.5777597512510766,1.518003692660912,1.111558837477317,-0.5250583193759812
0.5174582650091056,-0.7540374298238307,-0.7839778072718415,0.41936387400983866,-1.9165315650410828
1.5099736750092976,1.3836008173173433,-0.3805345196830432,0.15615061539565672,0.823271715093057
-0.21813229879648172,-0.48357456426825796,1.3692821013948155,0.791706097988894,-0.5478005674930361
-0.3509717670457294,-0.1657427612603163,0.5233768240258262,-0.6689161065425818,1.1198901329915811
-1.080173414454492,1.1980388035748912,-0.6115894285152553,-0.5813914343802428,-0.822855103697688
-0.3164905021345812,-0.55792224800677,1.4036819975323127,1.4580242947908315,-0.7502634181603333
-1.0598575000992192,1.3460336370989003,-0.5616642730589536,-1.1840288749484105,-1.2840235842108676
0.30168652903107673,-1.2107295649116978,0.48865814044393185,-0.5416178010126255,0.10553704537563537
-0.4532729844336201,-0.8854316002101165,-0.16264111450501065,-0.7984692915947987,0.06289534887500371
-1.226865038681973,0.31888199159823305,-1.6696032522358544,2.130267393192967,-0.06579915437009297
-0.34512091754581947,0.9750299373165914,-1.3178513954270648,-1.3260432464529912,-1.4600094373338874
1.9754142084301702,0.9318017441845055,-0.07221080699042776,0.14181581358444767,0.3115983539074131
-1.2713280605533852,0.22713105860701374,-1.7178012644032177,2.086729669834872,0.34729214644985146
-0.41706126576808517,0.5617001681046627,-0.853681356458573,-0.7846514265952409,-1.4109152956586093
-0.7612464816734232,-0.4086526116069986,0.5201071618524695,-1.2553526885973907,0.7193816385887581
-0.8865475078123183,0.8133596156562504,2.2289764271053083,0.9482354252094455,-0.2290643053417874
-0.42475446104378073,1.3743445594466912,-0.3847036795148426,-1.4385162946593981,0.2686061123474005
0.4328291075096494,-0.3652544925313879,0.1522286481493483,-1.1070922251066244,-0.7725127857617752
0.09353091245764873,-0.3654505914855847,1.7931189264202017,1.24202534446583,-1.1472254304698297
0.14197724466903353,-1.5073741247242218,0.4978824468181434,-0.6206255277840106,0.2264668437290463
-1.3967920463907566,0.029219787078885274,-1.168284235844254,2.7110142378215767,0.5028991672734011
0.22656849689580955,-1.345911605182507,-0.06896391650873404,-0.4882514498389307,-0.24228297168401883
-1.848222532941951,1.4081112697313414,-1.721006551671943,1.4100083866234734,0.8569889126937414
1.800879180997802,0.8105785817516395,-0.5871834751540673,0.33961734848142827,0.6727115851784241
-0.29217725282919704,-1.7045894096501326,0.7855713506008405,-0.09841131282557149,1.592307521675641
0.08060397447765476,-1.6447331751240597,0.45292385295409743,-0.18049007056022184,0.4303937509814521
-0.9656881103267959,-0.05576737239964455,-1.1802948578493089,-0.0007073050448953092,-0.3850996752041855
-0.4456890193784035,-0.701597116991142,-0.6476531402232955,0.5291657866780974,-1.6048655846149626
0.5725541425540468,-0.7247606969298924,-0.823712225818344,-0.1805428146274301,-1.7668306369724665
-0.6003006647589179,0.5577997790516449,-1.4090823577247162,0.3074485297989378,-0.567268401360984
2.148459032059567,-0.026436683735220436,-0.24910004315333328,0.2317187661079526,-0.2639814212206503
0.16978606035346838,-0.32879905350588096,-0.7949036976760965,-0.1512246182945398,-2.0898813621376457
-0.25762048783203534,1.121487069816377,-0.6518387921784338,-1.6857103135130431,-2.187107671028306
0.1327206630138274,-1.5343754764377249,0.6790247137186995,-0.6975219558214997,0.7830428421330061
-0.005320229739906609,-0.8386234649164159,0.34991591679025175,-0.954239035487453,0.5177915514482433
0.6989451214278077,0.17493328104649342,0.6519586957463823,0.9686004747955945,0.4091272937491445
0.3596623108570992,-0.5507611791957787,1.7701897537811808,1.2489910053762234,-1.145384011337794
-0.6343076914245221,0.9448605851143462,-0.8527607888096601,-1.194756291494371,-1.2772382774294435
0.1289412870809752,-0.43797923807721423,1.7877654657173445,1.4093196460051796,-1.073367883347375
-0.6093761822366999,-0.6102056175929279,0.8024203626105314,-0.6957848875480593,1.046911169039004
2.535520835080843,-0.6617602305504879,-0.1995770408564567,1.78570226303904,1.1306699479609381
-1.3965388425420813,-0.8764531539839933,0.4535415312482765,-0.545636211223384,2.1744800775249953
1.474145324837193,1.1451223460932138,-0.30351378969161885,-1.028649122976402,-0.8322833812193509
1.1432559910914022,2.01216504935839,0.36020390066050334,-0.8368257551716399,1.1935607818849532
-0.8156130292625591,1.4094163682257197,1.2744651900973223,-0.4696615536439338,0.05698017456145164
-0.28206099599567774,0.09684769820701043,1.710037405827133,1.1494978047171558,-0.6677883785025268
0.5238284158109301,-0.29109170764738196,-0.7203568902971866,-0.43360026097965604,-2.476221499457566
-0.2820092444363466,-0.21633629234425,0.15406769015279642,-1.357817013346196,1.4386413713356736
0.961823871107902,0.8137024893157554,-0.06553884552257096,0.4200339468559289,0.9517977431747309
-1.471276263284952,0.5062701976269401,-0.9113763300498595,2.3047570764754544,0.33366230846277467
-1.0497896234527149,0.3967352298855792,-1.7505328861942948,1.2985572449009957,-0.2281130153783266
-0.37699374329054436,-1.3730869993933006,-0.8852844122500332,-0.5391191012169925,0.5177719025238667
2.0482530239667693,0.288597136843743,-0.27739202362999743,1.2285353756315176,1.0087939208912948
2.1293611749542234,-0.07726437933956062,-0.32098401462407067,0.5863682714823335,-0.15055994071370302
0.6007907261135134,-1.594197770631796,0.6360922257309924,-0.5082694204075416,0.12217503515814858
-0.36038738686234534,-0.19025683887599082,-0.19813525169933655,-0.9218544946160961,0.8327177780537837
-0.04598271882517941,-0.31283856665744275,1.4436028446409217,0.8453533446091934,-0.9968235238627908
1.2511631330971364,0.8056742613995846,-1.0141556856477576,0.6181866952977744,1.3338018972291528
-0.668537890848144,0.36125917753920295,-1.0859412520205614,1.5727774807229216,0.08776358858436507
0.10715555160662062,0.02647336897743763,0.09778861147338375,-1.499353848896598,-0.4762688805366058
-0.4404697841118915,-0.7212063471252711,-0.6900558902161807,-0.16179292117268856,0.013917166228806782
-1.1888161758063935,0.9317902157605144,-1.4302751155726956,0.9991846729441949,-0.1233123362021997
-0.3256713885523865,0.3746827276293478,-0.906024260172129,-0.5119161206280852,-1.320376103629521
0.23242907305254337,-1.1734445285940553,0.38133377636206855,-0.5185320686111252,0.47483543672904804
0.17358283942714112,-0.23639551736050846,0.25772470508376527,-1.020202259504895,-0.8598239816825632
-0.5094883077536663,-0.9245052750822685,0.19072395450525956,-0.7987624276105126,2.0053274588548633
2.0865908774368744,0.6121956430885651,-0.4070701189329829,0.9134575328703569,1.6400691750997753
-0.3643158792306694,-0.5849349865484859,1.847858748340141,1.7470366325492832,-0.6040869008529732
-0.6313220491145531,0.5255988418001057,-0.131732529034597,-0.4915475114371683,-0.7597199203806427
0.22208876405291988,0.17751426782094742,-0.408645429544309,-0.5274069386829704,-1.932513840476359
-1.1942619289223222,-0.25147756341355487,-0.09264749978604145,-1.0248808704515704,0.8942651501852213
1.4846928777011767,1.40211379404081,-0.234106327855969,0.1746074110209559,1.6400720602015135
-1.4984957380689692,0.3223534808323889,-1.3917640452818716,1.583639208864748,0.21130059737124354
1.8741212133860043,0.48365176680379396,-0.5930276833953861,0.199540281393131,0.5347826333411735
2.2591345647649868,0.12287678967771999,-0.17316119461012808,1.0614217216279418,1.0064802231772867
-1.0415690565303215,0.003957651716717646,0.3294284307090366,-1.1519271515744784,1.2874610275689669
-0.18236904976203616,0.7934698465167243,1.4098311448955985,0.38678602470533197,-0.7171967885958711
-0.5427773909970132,0.8300748816149988,-1.5729932812458296,-0.7550538266557987,-0.5550699153907708
2.010710526058236,0.9317804595537122,-0.03039921094517671,-0.07437444089534948,0.20525924178507282
-0.8994213907232634,-1.0105530646257592,-0.4773803185519168,-0.41912011850733644,1.2370368956347613
-1.597436402546871,0.24610529636250683,-1.3851855843528365,1.8985327158094458,0.9902936985542291
-0.6396307023646428,1.1831134280999465,-0.8667896805220303,-1.3490613413326473,-0.5866686303905084
0.19442015851308153,0.3733639310688587,0.06875396701583046,-0.5042689968690901,-1.9590404262606003
-0.27709192674164157,0.29304463666588976,-1.2163211773372342,-0.8942274425007195,-1.7665865370565588
0.14189625906365488,-0.1128515541614156,1.8451502966863158,0.8812107521897362,-1.1840126810243212
-0.14578068199303362,0.9619813268832577,-0.9752671531168561,-1.1501843057494068,-0.06380404605963044
1.5043113134344288,1.4552710912519085,-0.2340554828079085,0.4651504341429412,1.9408669763614892
-0.1151727333936894,-1.594211220136774,0.43572857159514,0.06902432286383088,1.4549953024384692
0.7030498957087647,-0.736923865481261,0.4566803115023729,-0.8799784487437066,-0.9439100573370446
-1.4121542924638968,0.21020032992454546,-1.5522535547986345,1.9264004871842497,0.17766311276815017
-0.36070282857736324,0.7142229660308504,1.769713942963412,0.31017120722221236,-0.48443613835950505
-0.40042988244096017,-0.8088257151802394,-1.364397224540101,0.1454451877012051,-0.2805282838650692
0.6497254425144635,-0.5791538503763055,0.4966119477185068,-0.8802432080912902,-0.06268302918308956
-0.5795238200764992,-1.191059564025999,-0.9103902688364293,0.54815202665944,-0.28970685944636787
2.2368474707405652,0.010488438655178227,-0.14672555303277113,0.485400335047061,-0.05076492776152872
0.11390697405156058,0.7883569325900992,-0.7682761244126706,-1.2066702244572216,-2.130289145011732
-0.6570590321223952,0.6311153034121567,-1.1574576836957917,-0.7412792834316506,0.8595837109727958
-0.8563779895655093,0.17363911007977048,-0.6894544603081959,-1.1210302730549042,0.1935265446897269
-0.5747200545345328,0.0069627342000104534,1.8444835833867492,0.8958387768093224,-0.45343286879464806
-0.6338488804500552,0.32668437375781567,-0.7168232856075283,-0.7727374304065414,-1.5956239403132693
0.1617140270921878,-0.6777949320310807,-0.8915652582725851,0.3478096582912564,-1.286468630409065
-0.2656402286375889,-1.3561280091024628,0.2670644744899074,-0.2620884019629327,1.0654082140338192
2.2180419013009205,0.2860184231700527,-0.2836253418357607,1.027790096718547,0.6649668228934541
-0.6560096033613975,-0.18619528587108763,2.3003988910319917,1.390869769567303,-0.5249530216260411
-1.697759606677686,1.0540536737506245,-1.3917937297160876,1.6503471671324337,0.88176660295411
-0.3054015158914414,0.910049300801543,-1.9113316318501363,-0.8805884754965329,-0.025524374623361726
0.21102080181842509,-0.15113402790398633,1.4548556538917319,0.9845859525747338,-1.1106919221118567
-1.0721086114746954,-0.07047958710216726,-1.8527147173755356,1.830691716074658,-0.04264701618432146
0.2771879161187548,0.5907474721287227,0.3871860637544164,-0.5345983337026512,-2.2441930343407965
-1.7533154365617225,0.9861060869878442,-1.708055909198497,1.890883859894109,1.2216129562669518
1.6771739150860374,0.5760526738898741,-0.5220960562761889,0.35884725612488483,0.7503737303956768
1.3024206026830254,1.3281641215825715,-0.4281317842764606,-0.8404936086334607,0.12697610100039633
-0.24415788351728288,-1.592141225399932,-1.5399327265976477,0.4126003786022726,-0.29054951706152826
-0.6803656301152334,-0.9355290263183733,0.28353460799650093,-0.5331216939758617,1.7435202436690995
1.8066894329244805,0.7680101423420441,-0.11694565438257865,0.9706205875719968,1.832674015636577
1.1378134103201638,1.7726135207935863,-0.30840854945414237,-0.26859551445686275,1.095675890040399
-0.8602443632571526,-0.01774200553192175,-1.3782330984153088,1.5652997662505008,-0.3582691835743612
0.16029012809724863,-1.1068156330728502,-0.14523858211717483,-0.4745821424087878,-0.5164506323483455
-0.06318981819673998,-0.2968645669417528,-1.3113934028122596,0.33422575872889876,-0.03375842019322433
-0.6760007811041979,0.009528651493837923,1.8741068310271518,1.0628640776613052,-0.018119952075569164
-1.3786158636883667,0.9315562225050411,1.871416121030651,0.7232517551453834,0.8069814333579852
2.399287337631136,-0.28621991338424,-0.16933417844396834,0.652128153341347,-0.2715249180426498
-0.6710158687839877,-1.1406278130854548,0.287151804381435,-0.39093661717182265,1.3782520224327661
-0.09968236686562405,0.2870466954270272,-0.516659944276842,0.3446888909795859,-1.5308738946812337
0.6234589814639062,-1.1439019752320467,-1.0163811552117388,-0.31655997020757065,-1.248007630497508
0.6364537419875387,-0.3931803639672062,0.14266675037744442,-1.564861575156799,-1.1149612728587999
-1.0796281726392665,0.2077681165602645,-1.453659974594945,1.6108336334807558,-0.05191281151242714
-0.15984338339866572,0.024339435997464617,0.5421750271777811,-1.6465957112976108,0.262644458823541
-1.2757351179596448,1.4922152874383463,2.237682623085824,0.5323973095510642,0.3342112209034887
-0.3743246004894584,0.4475403950026548,2.1459373203207446,0.8540885315120119,-0.9483631566847964
-0.0574309962994769,-0.24140262806134355,-1.0269585690678946,-0.8439341415817521,-0.8294525525423069
0.3937055696884642,-1.8612181289587097,0.2811571755969621,-0.42836207230346407,0.4508614543513016
-1.9173822971051515,1.0625170567220852,-1.7962546752610544,1.2506554289515752,0.9940418347571239
-0.6362258406989022,-1.500721659069481,0.3474976671079246,-0.31257834227896414,1.479684002182957
1.2304348575640776,1.8466476611342801,-0.4840448324045692,-1.0342400553828381,0.5163427944752002
-0.5049073421259801,-1.2537290993971328,-1.3372260760451034,0.35588790453401115,-0.22916791658504884
0.11101544714320166,0.4859056220602884,-0.36246972790750615,-1.452516228649744,-1.0113026463673316
-0.4055738262984565,0.24672569849225504,-1.1818590008549905,1.1507827884486812,-0.9551908206359315
0.009059974155762155,-0.8855310936787071,0.759218528020168,-0.4348881326889315,0.693346805135527
0.08163471464082754,0.623818514478523,1.4289947464041728,-0.10860083956750875,-1.2049468993559465
-0.7586623023251045,0.22323156191661692,0.3713487924700529,-1.5595685014044964,0.9526571621354392
-0.3418628473616852,-1.40064169262917,-1.476839087585505,0.19854829954156572,-0.6675101526743498
0.9009488364695543,2.257893589160374,-0.4189567175019811,-0.2329239074677705,1.6593374438399533
-0.8819942030301158,0.9171635647979459,2.2195578002589835,0.46938417948025807,-0.6434530161287311
-0.428051894338115,-0.3194874127016016,-1.1843710626545945,0.8535132894499692,-0.5407121979877383
0.3802975056912552,-1.020800259461062,-0.0009494579819885021,-0.9877867516694396,0.4232498919368662
-0.07204626143641953,-1.5381755361060048,0.11209646817976461,-0.3920773841579539,0.6045841743609387
1.4069750789573003,0.5358430519842254,-0.26229095374634653,0.8332143361706025,0.5684898025547169
-0.49994632483680657,-0.3294036492100297,-1.2367596848604512,-0.589027612754097,-0.42673083213147167
-0.16741668949970717,-1.0834549162703802,0.3777876542563011,-1.1177348482020435,0.8846065592729956
0.3414758328497621,-0.6764455565896415,0.5264985029419202,-0.5265463918875949,-0.1044801801463235
0.9601015751700046,-1.409605679175108,0.6210513546302301,-0.2720194305402846,-0.7979214735899577
-2.4763848625197213,1.816236251193285,0.314552194378496,-2.487045275640655,3.1076354307641503
-0.9611753202976177,0.08070226646108634,-1.645724829014249,1.738367851164413,-0.5474412009381314
0.5456293454363278,0.780486545879063,0.03789317509108644,-0.6284375896341312,-2.3904888732946823
-0.11404433914159008,0.4603895650985429,-0.3626839674492978,-0.5492239904401472,-1.8052621764322203
-0.623534769202802,1.0189895532715378,-0.9005348426529545,-1.648547838870868,-0.3879569711037487
-0.14920379027622474,-1.5899395895301978,-0.06520062105380237,-0.476993891842979,0.4936325720828025
-0.8577008046842947,-1.382108951584677,-1.2669345945526207,0.24674913803883278,0.18105083047421847
-0.1403073837871743,0.6065658224970615,2.0593702924494552,0.564477792123707,-1.0394621522971823
-0.7204721852113134,-1.0284845515635175,-0.39034408945646293,0.19060375564568896,-0.4434150163870433
-0.3659202741763075,-1.2110377646204107,-0.13633291060598493,-0.15534475687060575,0.6512586520888832
1.9185057968984196,0.42455006891629643,-0.09309659000485299,0.8911639360270301,1.2512305615340242
-0.3791347927020206,1.1336887340704362,-0.07569562856342091,-0.6602861670743618,-0.6574164084658527
0.43578637797341,-0.6569457556306527,-0.4740977167784772,-0.13584364500724466,-2.056351377479347
1.9189766288116974,0.754357173792975,-0.06310785751761422,0.5274010853118833,0.993911354449386
2.0409379725695347,0.2874020929079508,-0.36937957532640914,1.335328336427929,1.1350461130082496
-0.043762507059251686,0.45981225121437175,-0.9422800700861067,-0.8874053408063539,-1.536261643022924
0.7019780310815082,1.8972796073156737,-0.2681224901998267,-0.6389413046782787,1.2737472322043395
-1.693315084622227,0.4457227139451445,-1.457861648144521,2.486194338873444,0.842016959787281
0.2710837037886383,-0.43024673071116937,0.8302174973707462,-0.9463255491478767,-0.3161410753172557
-1.8649889153249601,0.9285150049066532,-1.4511605584803986,1.4548396435315416,0.7718855541037262
2.443928398030294,-0.018776796008673997,0.21404255981647669,0.8386720577099306,0.2780916961428675
-0.019426786032402252,-1.8121857750020332,0.6606843217029912,-0.1814700763121377,1.3864075370831623
0.10424068202172375,-1.5483267319518235,0.24615737907676669,-0.6510169986536255,0.7574819621118903
-0.18083519226709935,0.41113955692697834,1.643369819432357,0.4266684957070683,-0.8720999095613199
-0.04997122315715662,-0.46632412493258235,1.775856403788834,1.2411146432759441,-1.1769342059111714
-1.230817500236502,0.21399905019456994,1.8054182141173656,1.499591699471376,-0.004645567342186155
0.2521025043881894,0.614318718652149,-0.6554091667346824,-1.1727442038979718,-2.0564343646984238
-0.7504219501259013,0.8528146969923417,2.191040196634764,0.7248579911965773,-0.40601242373087537
-0.3898733905998708,-0.662880952267662,2.000937281028169,1.9985493857707401,-0.3061374069302919
-1.6453387149958245,0.04365243394263045,-1.6751604484390408,2.58378469177697,1.512905118207619
-0.5501496301628307,-1.4174335780052383,0.7194944100231274,0.4829768380222117,1.6879445214079702
0.5774181729857301,-1.5464126086178958,0.2502417759868428,-0.3024556438636677,-0.015441716490261997
-1.1178258565986305,0.49643728032239925,-1.298031237170262,1.7200066097743443,-0.12159978861903557
-0.6492901355996998,0.3208681741423822,-0.5165255431558837,-0.0890216759616328,-1.0619316431825918
1.6039730226400601,0.6537479281856208,-0.7261552688223207,-0.27949400419825654,-0.23520051494624952
0.10534755706628135,-1.1986492489102543,0.16757524024296297,-0.7469855555915734,0.2772953797460417
1.4846709696248201,1.1169431275873654,-0.678296970423747,-0.016351007245269715,0.6902000171728859
-1.3822868766051375,0.3896148958075792,-1.1134911480535157,2.029782892302322,0.43218932809872423
0.4736442368953646,-0.8603629632263631,0.4519213389521389,-0.8989246799529316,-0.06511532679958072
0.20628413006310622,-1.4426810395002436,0.3905707668317175,-1.0109678114595795,1.1556918157602112
-0.257417936218358,0.34948485498344417,0.18420407768855188,-1.4779172331469659,0.6809085747408722
0.10862515839163026,-1.0083509622739943,1.7803681303822456,1.68992129143844,-0.9937573048871797
0.2929328909404589,0.481815846206506,-0.24743608744999881,-0.6241146945104709,-2.189067861676257
1.874746308268231,0.18016206599031132,-0.6315213603970372,-0.2975603024632044,-0.6873548121127953
0.10748790218479758,-1.4935813648808631,0.6240355675209378,-0.6390757955192611,0.5333094462153921
0.12122106720048599,-1.0603257756200135,0.6469898778364559,0.970992121392022,-1.1370265692537553
0.5830583862723824,1.4964326678092672,-0.8877512705169842,-0.44957136426589006,0.6102180233522143
-0.5540182056986457,0.24600377837752088,1.6739842655671737,0.7873374459895189,-0.7240459817863105
0.11515148554097109,-0.7687144461894622,0.5925340003370889,-1.0864341100933543,0.7596276811754396
-0.12997496543616843,0.8138505611582668,-1.4428987068192192,-1.1677812027367813,-0.08975488008811547
1.3963636035509657,1.442175372811081,-0.3500357614030309,-0.3399738699692679,0.9268327335806706
-0.5166474633777535,0.5963617788886012,1.7458665439535095,0.8246582030769255,-0.3733529593666765
0.5383659491236846,0.7833983449498444,-0.12059098211465528,-0.694848223893874,-2.098159678582979
-0.022492399621870787,0.22779803749982808,1.5871592111494706,0.558558575159298,-1.1932629967832349
-0.13820056779073864,0.6081572937671773,1.4598090950808889,0.23110595328645295,-0.6639675669441589
-2.0893899596343646,1.5504021998698685,-0.615014977806736,-0.9132422332050532,1.769854823440095
1.9549435926189938,1.2163948005641323,0.018205416091983593,-0.2399676537792189,0.3448905241846733
-0.449978162112378,0.7447383837874731,2.014817459998751,0.757510561968615,-0.5287405957898517
0.040623189673128425,0.8533724920090069,-0.745662183728428,-1.0739575940375803,-1.2150472120921683
-1.1799611778385,0.24287476688158652,-1.4523615022089498,1.5098761688618918,0.3118076722381183
-0.7293513487602012,0.49101316117973826,-1.087128063909819,1.3290140894247626,-0.19428041486148426
0.2918839973093167,-3.1241500390993453,-0.007141663833750948,0.7003993963411669,0.7316622781970076
0.04064995389078127,-0.5227004654598096,0.42773705113773963,-1.1989696553361984,0.2394632224986469
-0.2068233834316463,-1.2674968771390003,0.09749439659816243,-0.9372402984725686,0.5754382737095843
-0.08368479604565551,-0.4742991875655163,-0.5294348850563696,0.6792243525320738,-0.9125681309759267
1.939107034200513,0.3793273880044683,-0.4039767370220629,-0.14357051513538968,-0.3852947391244967
1.315818749211564,1.555499106952665,-0.037913756376860466,-0.7616590626826766,0.1721984136189668
1.8407867343752475,0.6726094017226206,-0.006375531093882041,-0.008169033792763531,-0.23470101360003198
-0.5591943416100745,-0.42624561805683486,0.3704877771438618,-1.366074595808265,1.512381245528505
0.015298502672739035,-0.07104163311920232,-0.8625805783524096,-0.5745953740552963,-1.9030858745112824
2.2156995095728846,0.2624789965598078,-0.09231988631455418,0.9212288253492457,0.8086896448586478
-0.2669652896791616,-0.014684827227379746,1.86269705210979,0.8135356492281646,-0.8191007196428085
0.1639493578924458,-1.322415573994499,0.45312567539388376,-0.38748047546000214,0.11254518331288517
-0.10760769917642211,0.5483275679340417,-0.5236361033417452,-1.1696631846619272,-1.5146284914884511
-1.2196112969339146,2.27197995896857,2.5180119859635,-0.09439001228015988,0.07937311877862308
0.5718542453351484,-1.4109312841361843,0.2475389485227003,-0.7384768861375882,-0.1097362815742216
-1.1095518241129103,0.328906275592656,1.7247367152383966,1.0489595244493528,0.051505742255227416
-0.9327932388689375,-0.9195212029385346,-0.27165085857476023,-0.6317813353933405,1.5345599188170913
1.2034327173634993,2.089185788468559,-0.037367405573200126,-0.6504634055581383,0.5628282581813036
-0.5993738029417657,-0.4698453158791043,-1.0252704365063814,-0.614768444735747,-0.36194776185922073
0.3360768526980832,0.033788600543767096,-0.4305742487926641,0.38317712519530706,-0.9185090208651046
-0.32805632681593605,0.029053468871326208,1.8819893649184902,0.89051422943088,-0.9258044895574452
-0.05589036597300001,0.6477237527169247,1.5808271983919024,0.31197865714942297,-1.2823524063346592
2.2667019382317872,0.004921798456855445,0.016984848375536526,0.8644536886943605,0.35927572438138
0.21694927751991305,0.2527049519272304,1.2356975014303928,0.24332613840708767,-1.6968474897204056
0.7480754045408862,2.266278880589926,-0.5270669159516214,-1.1361163732208912,0.13114285862959063
0.026401913761879486,-1.5205307436814932,-0.02930458749090622,-0.45039690249649017,0.7794680907497428
0.062495811904583254,0.44783245855502024,-0.4437651278412017,-0.6273661616671548,-1.8434377036333103
0.10933305833805569,0.5177319609511871,-0.9513119032197875,-1.0224218316047973,-1.678498588082135
-0.4835123049795666,-0.7212529933643766,-0.4776905962187788,-0.5999387916344004,-0.35308675373200765
-0.9594342161700823,2.2342833208914947,0.3410967311279253,-2.083080788718725,-0.0895276334457129
1.7028881825458555,0.8608909745741904,-0.47991322678537346,0.10539661146838733,0.42839206288896586
0.055920934746264625,-1.074306940253669,-0.052350864075740605,-1.0090272753003713,0.047033307078991844
-0.8427938278138379,0.3815778696366272,0.3457430606921145,-1.788056444222338,0.7246674213577848
0.8851635309396289,-1.8163683913455635,0.645266387786032,0.7233243310142878,-0.3789792661103811
-1.1090256313748978,0.009167182155767215,-0.47846115551861046,-1.4188633724125443,1.3144545627642956
1.7452532225972603,1.0906047406928878,-0.05071337617190652,0.19781467497299848,0.7421154745421806
1.202884078973576,2.346225227701049,-0.15785253547825148,-1.3139657623287342,0.27850474077300275
-0.05138796103887755,0.4754602843087403,1.864968131774104,0.39971875278483804,-0.8802900652439003
-1.1873592927829377,0.11040340769648686,-1.3846098675700502,1.8778511701945244,0.2348789856108258
2.027566609477998,0.37688964733884994,-0.06530153161898263,1.0269884354389,1.1770481862400217
-0.8223906682754027,0.33056489528660987,-1.0239147296514415,-0.8907425078328838,-0.17094887304374773
-0.5628926714662211,2.1291423906259337,0.2618404918358069,-2.722880532783693,0.13761763389161807
1.3143712514203245,0.9106273796201738,-0.7073743690560429,-0.5190020440823153,-0.5152670058099674
0.02452196008974498,-1.374190425367832,-0.3113289328591418,-0.2639633815922201,0.13951037995421653
0.21452082563904296,0.050856259074741686,-1.0884227312237662,-0.5072033793828652,-1.758242993621906
-0.5524854809076786,-0.576220447254565,-0.48308465939522455,-0.5394898837155988,-0.1708004007336584
-0.862455024991138,-0.4501935717371311,-0.058694208718558585,-1.0384169813388642,0.9818739694578482
0.4952645476375891,-0.8502213261686467,1.4206359400851785,1.2442186085208806,-1.2176890809879164
-0.5859648387787023,1.5247180723667104,0.4052710035745291,-2.10775502369166,0.5830167896445553
-0.6941698160003503,0.12307040832167757,1.8698871318857517,1.313160935324528,-0.47599501986008613
-0.5078270279185523,0.0026907782931920986,0.48795596480954734,-1.7634883963759915,0.8488834006113748
-2.0863330054543754,0.44019062563102623,-1.8175306946602026,2.3169161315034015,1.2504775476414747
-0.1445538616365608,-0.5111898133053074,0.2922248959295799,-0.9437621724712528,0.1043109517814676
-0.5617067597958483,-1.1581417721877012,0.07394204059198047,-0.26949265866962085,0.9866014121943744
1.7526123463654188,-0.19852048010927204,-0.7854539107929392,0.47394581446611406,-0.29384570950521555
-0.2442529648588148,-0.3562334366831273,-0.660703740737429,0.022120037597120636,-1.5168956016497683
-0.5175617141867078,-1.0441613634496976,-0.07854408108378118,-0.4842823573326987,0.5951259863887932
-0.2626366994665314,-1.179537956665243,-0.8958358820235255,0.06914248406619614,-0.8387557102455802
-0.10011106527672421,-0.27518775198808487,2.1474455930410845,1.5137119634576466,-0.8474577229038704
-0.0487788041121031,-1.605466000288143,0.14232800224830966,-0.38396188830833533,0.7967410534434399
-0.6347392091987994,0.8227845559661816,1.6565605929630374,-0.027778381453749352,0.10516742952696054
0.089005142912444,0.10709933856498327,-1.2357859640631197,0.2946961601823946,-1.6267886497757529
-0.07716709901849644,-1.7200309029106076,0.4907608162983648,-0.10732673904049296,1.3087082639239016
-0.3985867964201843,0.06575779285007445,0.2014390227357957,-1.6225362180271208,0.6408691842249237
0.0930759147313539,-1.0300257647690279,0.40721760170247523,-0.5569427176811445,-0.016368554157279464
0.39243916160153985,-0.33993694006160635,-0.8136637270662374,-0.46396125211482586,-2.1358582289051693
0.4293060098647781,-2.878466484346665,-0.5272188876629468,0.6400303801222499,0.3865319560690824
-0.39384239283597666,0.6283175056569654,-0.524283912544327,-1.0204643856704363,-1.4588287470620256
-0.35299461419197337,0.13357269197779084,-0.12229228212790424,-1.953016032705162,0.27940467041098754
0.27819512208593883,-0.2071197176261096,-0.33238250148413756,0.37857041298363825,-1.733210564292789
1.2808646479962065,1.5477436657770245,-0.4092403796477253,0.4291050903156678,1.8476905840139735
2.038867282194161,0.5118494457258896,-0.3670740912203524,0.7004393846979751,0.9195045489377458
-0.8344446509435866,-0.1666461079630905,-1.2681572778600843,1.9755759078101112,-0.326094258842474
-0.5308076706139332,0.20160664414672283,-0.8276197533783057,1.149604296048486,-0.5946866325729888
0.40209735848911854,-1.7692465742505648,0.42598134708313823,-0.5605238152774696,0.5537830715518957
0.8419890799125045,-1.0825950791522028,0.5466085102840598,-0.7131541668246338,-0.0030553510282287206
-0.3732013287844712,-0.7709529219974351,0.2826461079493236,-0.7604480792574453,0.2067424150122691
-0.7770608562014205,0.3204137183252061,-0.5053306665477759,-0.4453212536317006,-0.7215585643389522
0.6565925148162304,-1.1098757809739477,0.2616446886808194,-0.45603278991657226,-0.5591226701690509
-0.2276778164253459,0.19096995464662786,-0.718595807425182,-0.5030191724907893,-1.775497534846717
0.5507248500047996,0.6946510381245367,-0.9640087086441322,0.6535223366809803,1.2961669529386493
-0.13054480202062524,-0.0551453629093083,-0.03467300096377414,-1.4482216566332278,0.015450690905925511
0.22739324074039383,0.33772156578611995,-1.3521558657047237,-0.34948595390756065,-1.3471896753051391
1.1562608306588056,2.121219487673852,0.2396127082034545,-0.07345521879833718,1.5473861563181817
-0.8259889096008703,0.34010825570923353,-1.1583530728628213,-0.24612269985970392,-0.49577764607940195
-0.05560258825166629,-0.19819759006076684,-0.9128217369099563,0.2237202730153913,-0.9210998898496743
-0.5567401908898794,0.5462724908371865,-0.7999461083763207,-0.8442491435271279,-1.4326109240154326
2.1149104482554013,0.22772482380076117,-0.26824046190111556,1.055773156685448,0.9336834245112536
0.47413806774280665,-1.193743191538502,-0.24452928758667086,-1.0002224730757125,0.30148385235465774
-2.2213116088690135,2.2756914851652357,1.8798685447615557,0.33492957809602886,1.7256325226384934
-0.7031124485721563,-0.31464983449811335,-1.0758016639734076,-0.3404281340645415,0.11136376485450017
-0.8342970450740956,-0.07168928728873471,0.29430691536058584,-0.9264416996280055,1.6539637332968786
1.666064151878958,0.7007470921161157,-0.46118701198955686,-0.05470711358497836,0.4125157845595054
-0.40484728927324476,-1.7170236015816371,0.1560180322080712,-0.37540822824328846,0.9977738699929487
-0.5398455656516036,-0.9419564376051718,1.5246964097199496,1.6173807533381668,-0.22623570398659948
0.3215621405978386,1.1258808339120767,-0.11927700633396016,0.5368833578636384,0.9351122636760827
-0.3344673135565862,-1.2346258990563137,-0.20549249651408732,-0.1501311596345447,0.8654400735163114
0.5624302151697823,-2.022779392812957,0.10985858307660665,-0.4375981491611359,0.5518895894592136
-0.3812156241359173,-1.8398627347268248,0.3568040583792483,0.2025627707954916,1.3324821316227557
-0.6170974961301757,-1.129032943953461,0.41967358322690324,-0.6725463035288334,2.1139693371306354
-0.21466082979978549,-0.5431955454554748,1.764145754033178,1.4923761162692166,-0.7047554550919417
0.6128247096281875,-0.5785978197868946,-0.39577691883390037,0.260728168823819,-2.1413253425935967
-0.26869015941989915,-1.0048244160546158,0.7065839701149147,-0.9643486238831884,1.3584292167657483
-0.6365003514497485,0.6772882320421062,-0.4010983071285954,-0.3596236212825716,-1.2974211251497023
-0.0894327202662881,0.3725218062017595,-0.5692086346944257,-0.37035640577848367,-2.0241316101107727
-0.6667766221001179,0.7960046200479228,1.773792851217431,0.5144270473450916,-0.5802654305755105
-0.4834965211317998,0.0962134963395056,0.8126186947549703,0.1607581385326117,-0.8441820685428372
